,2class Acc,3class Acc,4class Acc,2class OF,3class OF,4class OF
defaults,82.13151927437642,72.6379440665155,65.27210884353742,-5.532879818594097,-7.70597127739984,-7.230725623582757
