,2class Acc,3class Acc,4class Acc,2class OF,3class OF,4class OF
8_slices,60.651927437641724,40.73318216175359,32.2859977324263,-2.5715702947845784,-5.265022675736958,-4.870323129251702
